PID,Arrival,Burst,Start,End,Turnaround,Waiting
0,0.0,0.00649673221154028,0.03979938365079554,0.04629611586233583,0.0,0.0
1,0.1,0.8318283093593457,0.07552202626747666,0.9073503356268223,0.8,0.0
2,0.1,0.46608919318335046,0.9073503356268223,1.3734395288101728,1.3,0.8
3,0.2,0.16586516850966868,1.3734395288101728,1.5393046973198414,1.3,1.2
4,0.5,0.9643133468391081,1.5393046973198414,2.5036180441589497,2.0,1.0
5,1.5,0.01924806373603699,2.5036180441589497,2.5228661078949868,1.0,1.0
6,1.8,1.933665453171938,2.5228661078949868,4.4565315610669245,2.7,0.8
7,1.8,0.37844384773392004,4.4565315610669245,4.834975408800845,3.1,2.7
8,1.9,0.41476548066554453,4.834975408800845,5.2497408894663895,3.4,3.0
9,2.1,0.18558862801336665,5.2497408894663895,5.435329517479756,3.3,3.1
10,2.9,0.5379784169829294,5.435329517479756,5.973307934462685,3.0,2.5
11,3.0,0.05499999680084842,5.973307934462685,6.028307931263534,3.0,3.0
12,3.4,0.2612702701112965,6.028307931263534,6.28957820137483,2.9,2.7
13,3.5,0.24595855640685674,6.28957820137483,6.535536757781687,3.0,2.8
14,3.6,0.508481003939567,6.535536757781687,7.044017761721253,3.5,2.9
15,4.4,1.5063046216529006,7.044017761721253,8.550322383374153,4.2,2.7
16,4.4,0.5204307752950602,8.550322383374153,9.070753158669213,4.6,4.1
17,4.7,0.3221391671313093,9.070753158669213,9.392892325800522,4.7,4.4
18,4.7,0.30651332514615387,9.392892325800522,9.699405650946677,5.0,4.7
19,5.0,0.09041046766607932,9.699405650946677,9.789816118612755,4.8,4.7
20,5.3,0.5517948207042322,9.789816118612755,10.341610939316988,5.0,4.4
21,5.4,0.006320283450923493,10.341610939316988,10.347931222767912,5.0,5.0
22,5.4,0.5943483049163345,10.347931222767912,10.942279527684246,5.5,4.9
23,5.5,0.50173249504312,10.942279527684246,11.444012022727366,5.9,5.4
24,5.6,0.05201673096612069,11.444012022727366,11.496028753693487,5.9,5.8
25,6.7,0.5594399852443787,11.496028753693487,12.055468738937865,5.3,4.8
26,6.9,0.5655660042853193,12.055468738937865,12.621034743223184,5.7,5.2
27,7.7,0.6613499060983152,12.621034743223184,13.2823846493215,5.5,4.9
28,7.9,0.11160377255833377,13.2823846493215,13.393988421879834,5.5,5.4
29,8.0,1.6121608124340752,13.393988421879834,15.00614923431391,7.0,5.4
30,8.1,0.34475578353469877,15.00614923431391,15.350905017848609,7.3,6.9
31,8.1,0.7361122260722409,15.350905017848609,16.08701724392085,8.0,7.2
32,8.1,1.4289915557613084,16.08701724392085,17.516008799682158,9.4,8.0
33,8.8,0.5243645849333569,17.516008799682158,18.040373384615513,9.2,8.7
34,9.3,0.6907366543975126,18.040373384615513,18.731110039013025,9.4,8.7
35,9.8,0.1460572557630109,18.731110039013025,18.877167294776036,9.1,9.0
36,9.9,0.501850493101152,18.877167294776036,19.37901778787719,9.4,8.9
37,11.0,0.05726095314823372,19.37901778787719,19.436278741025422,8.5,8.4
38,11.2,0.4754272734221217,19.436278741025422,19.911706014447542,8.7,8.2
39,12.4,0.7162310866273928,19.911706014447542,20.627937101074934,8.2,7.5
40,12.6,1.392037429403278,20.627937101074934,22.019974530478212,9.4,8.0
41,12.7,0.2896544232061666,22.019974530478212,22.309628953684378,9.6,9.3
42,13.0,1.4993239335027253,22.309628953684378,23.808952887187104,10.8,9.3
43,13.8,0.034237202531349875,23.808952887187104,23.843190089718455,10.1,10.0
44,14.0,0.16575842837438212,23.843190089718455,24.008948518092836,10.0,9.9
45,14.0,0.12371366347631789,24.008948518092836,24.132662181569156,10.2,10.0
46,14.2,1.1060176874604843,24.132662181569156,25.23867986902964,11.0,9.9
47,14.4,1.8547403567518916,25.23867986902964,27.09342022578153,12.6,10.8
48,14.6,0.11246674954629898,27.09342022578153,27.20588697532783,12.6,12.5
49,15.0,0.29425667288492546,27.20588697532783,27.500143648212756,12.5,12.2
50,15.1,0.36723634087152396,27.500143648212756,27.86737998908428,12.8,12.4
51,15.7,0.20440663763002664,27.86737998908428,28.071786626714307,12.4,12.2
52,15.7,1.6027623135794822,28.071786626714307,29.67454894029379,13.9,12.3
53,16.0,0.06393997264133583,29.67454894029379,29.738488912935125,13.8,13.7
54,16.1,0.11178182844657879,29.738488912935125,29.850270741381703,13.8,13.7
55,16.2,1.5184115714925324,29.850270741381703,31.368682312874235,15.2,13.7
56,16.3,0.11327234770509097,31.368682312874235,31.481954660579326,15.2,15.1
57,16.5,0.3381239797855879,31.481954660579326,31.820078640364915,15.3,15.0
58,16.5,0.23407013705262772,31.820078640364915,32.054148777417545,15.5,15.3
59,16.6,0.907873472256009,32.054148777417545,32.96202224967355,16.4,15.5
60,17.4,0.1334866240838202,32.96202224967355,33.095508873757375,15.7,15.6
61,17.5,0.35349505888105687,33.095508873757375,33.44900393263843,15.9,15.6
62,17.6,0.18231153199304045,33.44900393263843,33.63131546463148,16.0,15.8
63,17.9,1.7414827836748694,33.63131546463148,35.372798248306346,17.5,15.8
64,18.2,2.2254789473953362,35.372798248306346,37.598277195701684,19.4,17.2
65,19.1,0.16446763398954542,37.598277195701684,37.76274482969123,18.7,18.5
66,19.3,1.3793346544823748,37.76274482969123,39.14207948417361,19.8,18.4
67,19.5,0.26817614560581743,39.14207948417361,39.41025562977942,19.9,19.7
68,19.5,0.46263474732416754,39.41025562977942,39.87289037710359,20.4,19.9
69,19.7,1.1095408093377932,39.87289037710359,40.98243118644138,21.3,20.2
70,19.7,2.56887866445639,40.98243118644138,43.55130985089777,23.8,21.2
71,19.7,0.041732727361343494,43.55130985089777,43.593042578259116,23.9,23.8
72,20.0,0.2228107421533265,43.593042578259116,43.815853320412444,23.8,23.6
73,20.0,0.010016379414209835,43.815853320412444,43.825869699826654,23.8,23.8
74,20.3,0.2882535983765153,43.825869699826654,44.11412329820317,23.9,23.6
75,20.4,0.5183316290154235,44.11412329820317,44.63245492721859,24.3,23.8
76,20.4,0.16470462620468385,44.63245492721859,44.79715955342327,24.4,24.2
77,21.1,0.23658409175694292,44.79715955342327,45.033743645180216,23.9,23.7
78,21.3,0.21817440506350924,45.033743645180216,45.251918050243724,23.9,23.7
79,21.5,0.5178710214121893,45.251918050243724,45.769789071655914,24.3,23.8
80,22.2,0.3190646046925382,45.769789071655914,46.08885367634845,23.9,23.6
81,22.7,1.661772784301087,46.08885367634845,47.750626460649535,25.1,23.4
82,22.8,0.26069340644265043,47.750626460649535,48.01131986709218,25.2,25.0
83,22.9,0.9191342237284184,48.01131986709218,48.930454090820604,26.1,25.2
84,22.9,0.7570128884377334,48.930454090820604,49.68746697925834,26.8,26.0
85,23.4,0.09136585497120371,49.68746697925834,49.77883283422954,26.3,26.3
86,24.0,0.4667685738628366,49.77883283422954,50.24560140809238,26.3,25.8
87,24.4,0.15959633201412313,50.24560140809238,50.4051977401065,26.0,25.8
88,24.6,0.3543575113542697,50.4051977401065,50.759555251460775,26.2,25.8
89,24.6,0.10271600761633387,50.759555251460775,50.86227125907711,26.2,26.1
90,26.0,0.8942650113580347,50.86227125907711,51.75653627043515,25.8,24.9
91,26.3,2.0182920361625554,51.75653627043515,53.774828306597705,27.4,25.4
92,26.9,1.2019908179934675,53.774828306597705,54.976819124591174,28.1,26.9
93,27.5,0.5163635710167922,54.976819124591174,55.49318269560796,28.0,27.5
94,28.0,0.37171368367752927,55.49318269560796,55.86489637928549,27.8,27.5
95,28.2,0.0380976781609699,55.86489637928549,55.90299405744646,27.7,27.7
96,28.4,0.03458209805391703,55.90299405744646,55.93757615550038,27.6,27.6
97,28.8,0.4823476845333509,55.93757615550038,56.41992384003373,27.6,27.1
98,29.5,0.0592149896405962,56.41992384003373,56.479138829674326,27.0,26.9
99,29.7,0.7784980008415913,56.479138829674326,57.25763683051592,27.5,26.8
100,30.1,0.22825092955709386,57.25763683051592,57.48588776007301,27.4,27.2
101,30.6,1.2143638305300153,57.48588776007301,58.70025159060303,28.1,26.9
102,30.8,0.7123279697659749,58.70025159060303,59.412579560369004,28.6,27.9
103,30.8,0.02302373560558945,59.412579560369004,59.435603295974595,28.6,28.6
104,30.8,0.7133405581132284,59.435603295974595,60.148943854087825,29.3,28.6
105,31.1,0.47371497791098693,60.148943854087825,60.62265883199881,29.5,29.1
106,31.5,0.5361354154186038,60.62265883199881,61.15879424741742,29.7,29.1
107,31.7,0.023866484800935926,61.15879424741742,61.18266073221835,29.5,29.5
108,31.7,1.1591698070726018,61.18266073221835,62.34183053929095,30.6,29.5
109,32.5,0.4832859555319846,62.34183053929095,62.825116494822936,30.3,29.8
110,32.5,0.3682358627033197,62.825116494822936,63.19335235752626,30.6,30.3
111,33.0,0.3723861681626902,63.19335235752626,63.56573852568895,30.6,30.2
112,33.1,0.011179857240646067,63.56573852568895,63.5769183829296,30.5,30.5
113,34.9,0.6080043113557035,63.5769183829296,64.1849226942853,29.3,28.7
114,35.1,0.151616092241465,64.1849226942853,64.33653878652677,29.3,29.1
115,35.4,0.16478429396877087,64.33653878652677,64.50132308049554,29.1,29.0
116,35.5,0.9077969231978662,64.50132308049554,65.4091200036934,29.9,29.0
117,36.7,0.35995538618556133,65.4091200036934,65.76907538987896,29.1,28.7
118,37.4,0.2788687799541525,65.76907538987896,66.04794416983312,28.6,28.3
119,37.8,0.9039856933445256,66.04794416983312,66.95192986317764,29.2,28.3
120,39.0,1.3974013301656403,66.95192986317764,68.34933119334328,29.3,27.9
121,39.7,0.002770733443903428,68.34933119334328,68.35210192678718,28.7,28.7
122,40.0,0.06309294366843994,68.35210192678718,68.41519487045562,28.4,28.3
123,40.1,0.21402237867184845,68.41519487045562,68.62921724912746,28.5,28.3
124,40.7,0.5296412242671484,68.62921724912746,69.15885847339462,28.4,27.9
125,41.0,0.08665952941974756,69.15885847339462,69.24551800281436,28.3,28.2
126,41.2,0.9747141596694615,69.24551800281436,70.22023216248382,29.0,28.1
127,42.7,0.08286381810966494,70.22023216248382,70.30309598059348,27.6,27.5
128,44.8,0.1763678671604709,70.30309598059348,70.47946384775395,25.7,25.5
129,45.0,0.8024658914957641,70.47946384775395,71.2819297392497,26.2,25.4
130,45.1,0.34809444013388346,71.2819297392497,71.63002417938358,26.5,26.1
131,45.4,0.19409661644343468,71.63002417938358,71.82412079582701,26.4,26.2
132,45.5,0.49148232766312866,71.82412079582701,72.31560312349015,26.8,26.3
133,45.7,1.0630462486480867,72.31560312349015,73.37864937213824,27.7,26.6
134,45.8,0.3341094333215303,73.37864937213824,73.71275880545977,27.9,27.6
135,47.1,0.3890313221611093,73.71275880545977,74.10179012762087,27.0,26.6
136,47.2,0.29744820539314515,74.10179012762087,74.39923833301401,27.2,26.9
137,47.5,0.6608413163129921,74.39923833301401,75.06007964932701,27.5,26.9
138,47.9,0.8373963189783277,75.06007964932701,75.89747596830533,28.0,27.2
139,48.4,0.21913920361236475,75.89747596830533,76.1166151719177,27.8,27.5
140,49.1,0.4884766169800819,76.1166151719177,76.60509178889778,27.5,27.0
141,49.5,0.0018805400883837842,76.60509178889778,76.60697232898616,27.2,27.2
142,50.1,0.058456647417327846,76.60697232898616,76.66542897640349,26.5,26.5
143,50.4,0.06112450833066264,76.66542897640349,76.72655348473415,26.3,26.3
144,50.9,0.04641862367129953,76.72655348473415,76.77297210840545,25.9,25.8
145,50.9,0.8730396439489659,76.77297210840545,77.64601175235443,26.7,25.8
146,52.1,1.2908943717670158,77.64601175235443,78.93690612412144,26.8,25.6
147,52.1,0.18370348879275133,78.93690612412144,79.12060961291418,27.0,26.8
148,52.2,0.9853931691601413,79.12060961291418,80.10600278207433,27.9,26.9
149,52.4,1.5663567447335855,80.10600278207433,81.67235952680791,29.2,27.7
150,53.2,0.2482326183469846,81.67235952680791,81.9205921451549,28.7,28.5
151,53.3,1.1652329080731556,81.9205921451549,83.08582505322805,29.8,28.6
152,53.7,0.1480183708282956,83.08582505322805,83.23384342405635,29.6,29.4
153,53.7,0.3769951792507926,83.23384342405635,83.61083860330714,29.9,29.5
154,54.3,0.22630784508927576,83.61083860330714,83.83714644839642,29.5,29.3
155,54.4,0.9811225680794192,83.83714644839642,84.81826901647584,30.4,29.4
156,54.5,0.26046100531907873,84.81826901647584,85.07873002179491,30.6,30.4
157,54.6,0.5912676232160592,85.07873002179491,85.66999764501097,31.1,30.5
158,54.9,0.055802108473578894,85.66999764501097,85.72579975348455,30.9,30.8
159,55.1,1.2120610444376412,85.72579975348455,86.9378607979222,31.8,30.6
160,55.7,0.16774137454504548,86.9378607979222,87.10560217246724,31.4,31.2
161,56.4,0.3931064661910875,87.10560217246724,87.49870863865833,31.1,30.7
162,56.5,0.1026372691027455,87.49870863865833,87.60134590776107,31.1,31.0
163,56.5,0.2711429111462583,87.60134590776107,87.87248881890733,31.3,31.1
164,56.8,0.22238810667820993,87.87248881890733,88.09487692558554,31.3,31.1
165,57.0,0.5001533472603591,88.09487692558554,88.5950302728459,31.6,31.1
166,57.1,0.10969920410516355,88.5950302728459,88.70472947695107,31.6,31.5
167,57.4,0.23581727470876096,88.70472947695107,88.94054675165984,31.5,31.3
168,57.9,0.17740994471944735,88.94054675165984,89.11795669637928,31.2,31.1
169,57.9,1.8201206196729294,89.11795669637928,90.93807731605222,33.0,31.2
170,58.1,0.43857338684369773,90.93807731605222,91.37665070289592,33.2,32.8
171,58.2,0.2494914637341525,91.37665070289592,91.62614216663007,33.4,33.2
172,58.3,0.3287863604625359,91.62614216663007,91.9549285270926,33.7,33.3
173,58.3,0.12016831756588706,91.9549285270926,92.07509684465849,33.7,33.6
174,58.7,0.22608506471006548,92.07509684465849,92.30118190936855,33.6,33.3
175,59.2,0.4631333638949109,92.30118190936855,92.76431527326346,33.5,33.1
176,60.2,0.23483825997070554,92.76431527326346,92.99915353323416,32.8,32.6
177,60.8,0.47189291391429067,92.99915353323416,93.47104644714845,32.7,32.2
178,61.0,0.09861306811135467,93.47104644714845,93.5696595152598,32.6,32.5
179,61.9,0.3372976694208193,93.5696595152598,93.90695718468062,32.0,31.7
180,62.5,1.5499009503263494,93.90695718468062,95.45685813500697,33.0,31.5
181,62.5,0.010155259727189656,95.45685813500697,95.46701339473415,33.0,33.0
182,62.6,1.2250275481333361,95.46701339473415,96.6920409428675,34.1,32.9
183,62.7,0.7584640264559276,96.6920409428675,97.45050496932342,34.8,34.0
184,62.7,0.004824711783925403,97.45050496932342,97.45532968110734,34.8,34.8
185,63.7,0.7029346705847239,97.45532968110734,98.15826435169207,34.5,33.8
186,64.4,0.2698552179932837,98.15826435169207,98.42811956968535,34.0,33.7
187,64.8,0.06902136335302107,98.42811956968535,98.49714093303837,33.7,33.7
188,65.0,0.7798116753343248,98.49714093303837,99.2769526083727,34.3,33.5
189,65.0,0.48286662115430723,99.2769526083727,99.759819229527,34.7,34.2
190,65.3,0.5905566414533682,99.759819229527,100.35037587098037,35.0,34.5
191,65.3,0.01652067828547613,100.35037587098037,100.36689654926585,35.0,35.0
192,65.4,0.5736708963315086,100.36689654926585,100.94056744559735,35.5,35.0
193,65.4,2.1912329170009284,100.94056744559735,103.13180036259828,37.7,35.5
194,65.5,1.4863062686971897,103.13180036259828,104.61810663129548,39.1,37.6
195,65.8,1.2518741575494585,104.61810663129548,105.86998078884493,40.1,38.8
196,66.0,0.5874773953710954,105.86998078884493,106.45745818421602,40.5,39.9
197,66.1,1.891758784387462,106.45745818421602,108.34921696860349,42.2,40.3
198,66.7,0.1914365658851207,108.34921696860349,108.54065353448861,41.9,41.7
199,66.7,0.13225847685585754,108.54065353448861,108.67291201134447,41.9,41.8
200,67.5,0.12238615650685752,108.67291201134447,108.79529816785133,41.3,41.2
201,67.6,0.12510527966006132,108.79529816785133,108.92040344751139,41.3,41.2
202,67.9,0.36948141380389954,108.92040344751139,109.28988486131529,41.4,41.0
203,68.2,0.17260532019221833,109.28988486131529,109.4624901815075,41.3,41.1
204,68.3,0.9034340348676955,109.4624901815075,110.3659242163752,42.0,41.1
205,68.7,0.15253808296333923,110.3659242163752,110.51846229933855,41.9,41.7
206,68.8,0.04044198100357677,110.51846229933855,110.55890428034213,41.7,41.7
207,69.8,0.17094719815904194,110.55890428034213,110.72985147850117,40.9,40.7
208,69.9,1.0705908319826314,110.72985147850117,111.8004423104838,41.9,40.9
209,70.0,1.2014047940391936,111.8004423104838,113.001847104523,43.0,41.8
210,70.1,0.48456953290783494,113.001847104523,113.48641663743084,43.4,42.9
211,70.4,0.6124746924151403,113.48641663743084,114.09889132984597,43.7,43.1
212,70.7,0.8058254265969019,114.09889132984597,114.90471675644287,44.2,43.4
213,70.8,0.034666562768019694,114.90471675644287,114.93938331921089,44.2,44.1
214,70.9,0.629398420154423,114.93938331921089,115.5687817393653,44.7,44.1
215,71.2,1.0106783973242235,115.5687817393653,116.57946013668953,45.4,44.4
216,71.3,1.0001837208901085,116.57946013668953,117.57964385757964,46.3,45.3
217,71.4,0.09624527675597891,117.57964385757964,117.67588913433562,46.3,46.2
218,71.6,0.7832060982396725,117.67588913433562,118.4590952325753,46.9,46.1
219,71.6,0.37259241859788594,118.4590952325753,118.83168765117318,47.2,46.9
220,71.8,0.4017997827323703,118.83168765117318,119.23348743390555,47.4,47.0
221,72.2,0.7443156908593997,119.23348743390555,119.97780312476495,47.8,47.1
222,72.3,0.061874981499721995,119.97780312476495,120.03967810626467,47.7,47.7
223,72.3,0.1658328354863765,120.03967810626467,120.20551094175104,47.9,47.7
224,72.8,1.3508338177739014,120.20551094175104,121.55634475952495,48.7,47.4
225,72.9,0.2321123787620312,121.55634475952495,121.78845713828697,48.9,48.7
226,72.9,0.17308247355278625,121.78845713828697,121.96153961183975,49.0,48.8
227,73.4,0.3279234029093678,121.96153961183975,122.28946301474912,48.8,48.5
228,73.6,0.3351104703842885,122.28946301474912,122.62457348513341,49.0,48.6
229,73.7,0.0647122061528066,122.62457348513341,122.68928569128622,49.0,49.0
230,73.8,0.35949556849962355,122.68928569128622,123.04878125978584,49.3,48.9
231,74.1,0.8984654604743821,123.04878125978584,123.94724672026022,49.8,48.9
232,74.3,0.710992735796093,123.94724672026022,124.65823945605632,50.3,49.6
233,75.1,0.022289520825035866,124.65823945605632,124.68052897688136,49.5,49.5
234,75.3,0.2756449373643479,124.68052897688136,124.95617391424571,49.6,49.4
235,76.7,0.4949734712503885,124.95617391424571,125.4511473854961,48.8,48.3
236,76.7,0.7428679331543503,125.4511473854961,126.19401531865044,49.5,48.8
237,76.7,0.07027997686631356,126.19401531865044,126.26429529551676,49.5,49.5
238,77.3,1.1526037123849102,126.26429529551676,127.41689900790168,50.2,49.0
239,77.9,0.3464825860798717,127.41689900790168,127.76338159398155,49.8,49.5
240,78.6,0.5616097244273206,127.76338159398155,128.32499131840888,49.7,49.2
241,78.7,0.39280707010675814,128.32499131840888,128.71779838851563,50.0,49.6
242,78.7,0.2935949481466019,128.71779838851563,129.01139333666222,50.3,50.0
243,78.8,1.176217074470285,129.01139333666222,130.1876104111325,51.3,50.2
244,79.7,0.32821440388995066,130.1876104111325,130.51582481502246,50.8,50.5
245,80.3,0.266702156176271,130.51582481502246,130.78252697119873,50.5,50.3
246,80.7,0.023021272591971183,130.78252697119873,130.8055482437907,50.1,50.1
247,81.9,0.7743297138501737,130.8055482437907,131.57987795764086,49.7,48.9
248,82.1,1.0110075439870592,131.57987795764086,132.59088550162792,50.5,49.5
249,82.1,0.029094519795716832,132.59088550162792,132.61998002142363,50.5,50.5
250,82.4,0.08052797076382442,132.61998002142363,132.70050799218745,50.3,50.2
251,82.5,0.3452246314673298,132.70050799218745,133.04573262365477,50.6,50.2
252,82.5,1.3090911420225162,133.04573262365477,134.35482376567728,51.8,50.5
253,83.0,0.7445394802582531,134.35482376567728,135.09936324593554,52.1,51.4
254,83.3,0.06278873581147863,135.09936324593554,135.162151981747,51.9,51.8
255,83.5,0.15226281565012229,135.162151981747,135.31441479739712,51.8,51.7
256,83.6,0.2613986568531685,135.31441479739712,135.5758134542503,52.0,51.7
257,83.7,0.25697230927792464,135.5758134542503,135.83278576352822,52.1,51.8
258,84.0,0.5166181742276684,135.83278576352822,136.34940393775588,52.3,51.8
259,84.2,0.8322177564308899,136.34940393775588,137.18162169418676,52.9,52.1
260,84.2,0.3588198907084539,137.18162169418676,137.5404415848952,53.3,52.9
261,84.8,1.080901758396353,137.5404415848952,138.62134334329156,53.9,52.8
262,84.8,1.0553856786316327,138.62134334329156,139.6767290219232,54.9,53.8
263,85.0,1.0603702464481388,139.6767290219232,140.73709926837134,55.8,54.7
264,85.0,0.601053860562931,140.73709926837134,141.33815312893427,56.3,55.7
265,85.1,0.4618935693633372,141.33815312893427,141.8000466982976,56.7,56.2
266,85.2,1.1056673162985082,141.8000466982976,142.9057140145961,57.7,56.6
267,85.3,0.04244749527126307,142.9057140145961,142.94816150986736,57.7,57.6
268,86.4,0.19092173386722933,142.94816150986736,143.1390832437346,56.7,56.5
269,86.5,0.36530703307665996,143.1390832437346,143.50439027681125,57.0,56.6
270,86.7,0.1543341737172971,143.50439027681125,143.65872445052855,57.0,56.8
271,87.3,0.05256895620165069,143.65872445052855,143.7112934067302,56.4,56.3
272,87.4,0.05774167939735128,143.7112934067302,143.76903508612753,56.4,56.3
273,88.1,0.22862376373915252,143.76903508612753,143.9976588498667,55.9,55.6
274,88.1,0.40404051423199155,143.9976588498667,144.40169936409868,56.3,55.9
275,88.3,0.013418280969244939,144.40169936409868,144.4151176450679,56.1,56.1
276,88.6,0.3969768087228691,144.4151176450679,144.8120944537908,56.2,55.8
277,88.7,0.10230889070189259,144.8120944537908,144.91440334449268,56.2,56.1
278,88.9,0.21377141704878022,144.91440334449268,145.12817476154146,56.3,56.0
279,91.2,0.14880935418153268,145.12817476154146,145.276984115723,54.1,53.9
280,91.5,1.1075160384688705,145.276984115723,146.38450015419187,54.8,53.7
281,92.8,0.4786065271214776,146.38450015419187,146.86310668131335,54.1,53.6
282,93.3,0.1971048630847484,146.86310668131335,147.0602115443981,53.8,53.6
283,93.4,0.757742643843939,147.0602115443981,147.81795418824203,54.5,53.7
284,93.4,0.29529590814036255,147.81795418824203,148.1132500963824,54.7,54.4
285,93.9,0.41206034483295917,148.1132500963824,148.52531044121534,54.6,54.2
286,94.6,0.2712809662300174,148.52531044121534,148.79659140744536,54.2,54.0
287,94.7,0.6723407449534132,148.79659140744536,149.46893215239876,54.8,54.1
288,95.2,1.7154441156703728,149.46893215239876,151.18437626806914,56.0,54.2
289,95.2,1.6070653475937724,151.18437626806914,152.7914416156629,57.5,55.9
290,95.7,1.7065298687916877,152.7914416156629,154.49797148445458,58.8,57.1
291,96.1,0.1707223454492102,154.49797148445458,154.6686938299038,58.5,58.4
292,96.3,1.5495429229391682,154.6686938299038,156.21823675284296,59.9,58.3
293,96.8,0.2855015789842775,156.21823675284296,156.50373833182724,59.7,59.4
294,97.1,0.19131845264904707,156.50373833182724,156.6950567844763,59.6,59.4
295,97.5,0.48847328299483955,156.6950567844763,157.18353006747114,59.7,59.2
296,97.7,0.1345956956669641,157.18353006747114,157.3181257631381,59.7,59.5
297,97.7,0.38167141097137386,157.3181257631381,157.69979717410948,60.0,59.6
298,98.0,0.8583528120437878,157.69979717410948,158.55814998615327,60.5,59.7
299,98.1,0.4740832815003543,158.55814998615327,159.03223326765362,61.0,60.5
300,99.4,1.4484312805864419,159.03223326765362,160.48066454824007,61.1,59.6
301,99.6,1.2320217102076891,160.48066454824007,161.71268625844775,62.1,60.9
302,100.2,0.31766491040604095,161.71268625844775,162.0303511688538,61.8,61.5

Average Turnaround Time,32.43
Average Waiting Time,31.89
